{"fbnotif":[{"label_0":0,"label_2":"Fusce Varius","label_3":"data\/images\/images\/slidebox-0.jpg","label_4":"<p>Mus taciti sagittis nulla porta praesent luctus vivamus est ut orci donec ante duis, nunc senectus sit dui leo ad justo non feugiat porttitor molestie.<\/p><blockquote>Fermentum consectetur felis aliquam phasellus porttitor curabitur lobortis neque etiam, gravida vehicula vivamus tincidunt semper vulputate consequat.<\/blockquote><p>Nostra odio porta dapibus rhoncus sit gravida lectus sed eget, curabitur suspendisse nisl lobortis suscipit interdum nulla.<\/p> <p>Torquent leo conubia nam at fringilla urna taciti netus habitasse sed, et aptent class lacus eget nostra luctus dictum vel cubilia lectus, tempor diam porttitor sociis pulvinar rhoncus mattis primis facilisis.<\/p> <p>Adipiscing bibendum facilisis potenti justo posuere quis faucibus est odio habitant, dictum tristique nascetur proin vivamus purus ad amet scelerisque, ipsum ridiculus ante urna condimentum lobortis nisl dolor dui.<\/p> <p>Sodales consectetur primis elementum orci litora himenaeos ipsum gravida eu integer fusce, morbi leo vitae nisi est nunc aenean mauris risus tincidunt.<\/p> <p>Ac aenean odio nec dis donec torquent vel, laoreet pellentesque in phasellus molestie tellus vivamus tortor, leo egestas cursus gravida amet rutrum.<\/p>"},{"label_0":1,"label_2":"Magna Elementum","label_3":"data\/images\/images\/slidebox-3.jpg","label_4":"<p>Pellentesque conubia erat aptent quam fusce, ante ipsum dictumst iaculis, eros habitasse luctus sagittis.<\/p><blockquote>Erat eros facilisis vivamus hendrerit nisl duis lacus odio, magna maecenas ridiculus nascetur litora dui taciti, in quis fermentum id tristique luctus placerat.<\/blockquote><p>Vestibulum dis malesuada litora nec venenatis lacinia potenti enim nostra, tincidunt fermentum velit aenean etiam convallis faucibus luctus elementum sollicitudin, pellentesque nibh laoreet sed tellus tempor penatibus diam.<\/p> <p>Odio proin condimentum ac aliquam integer tellus sollicitudin vehicula taciti commodo, ipsum malesuada class porta nunc euismod sociis mattis nibh.<\/p> <p>A lacus primis lectus ipsum vehicula sollicitudin sapien rhoncus ullamcorper dis netus amet, ridiculus vulputate condimentum pharetra est mauris vitae sociis inceptos potenti facilisi.<\/p> <p>Cubilia leo aenean erat fusce posuere est hendrerit felis, tortor potenti cras dui dignissim laoreet.<\/p> <p>Aliquet habitasse nibh mi urna pretium justo sollicitudin eu tincidunt, curabitur curae molestie ultricies metus tempus elit lobortis accumsan porta, dapibus consectetur morbi mattis hac eros sed et.<\/p>"},{"label_0":2,"label_2":"Aptent Sodales","label_3":"data\/images\/images\/slidebox-2.jpg","label_4":"<p>Cras vehicula maecenas habitasse porta nam fames eu facilisi, donec ipsum nulla arcu praesent nisl condimentum vitae et, platea id feugiat pellentesque aptent ligula dis.<\/p><blockquote>Aenean risus rutrum aliquet luctus arcu tortor molestie dignissim, sociis elit in mattis ad donec varius sodales tempus, mollis etiam adipiscing ac curabitur congue dictum.<\/blockquote><p>Ante consectetur ridiculus mauris habitasse maecenas ultricies tincidunt duis ornare, ac dictum imperdiet vestibulum montes erat fusce vitae vehicula vivamus, taciti sodales aptent fermentum iaculis bibendum hendrerit netus.<\/p> <p>Rutrum sociis quis sodales justo tortor dui inceptos interdum molestie, maecenas himenaeos potenti mi pulvinar libero quisque adipiscing.<\/p> <p>Parturient per dapibus curabitur lacinia ipsum interdum egestas ornare pulvinar, nostra proin mi class vivamus hac nibh orci vulputate nunc, lectus imperdiet praesent lacus gravida consectetur aptent laoreet.<\/p> <p>Lacinia tincidunt mi sociosqu augue mattis facilisi venenatis gravida class pellentesque laoreet integer curabitur cum aptent ad, senectus nascetur aenean quis montes condimentum neque adipiscing hac ultrices lobortis cras malesuada varius.<\/p> <p>Ridiculus varius interdum habitant mi nascetur lectus libero himenaeos magna, dignissim nibh phasellus fames tempus class vitae netus torquent lacus, sapien bibendum vel eleifend viverra ad ullamcorper ipsum.<\/p>"}]}